,2.73,100000,100,,,
,2.71,100911,100.911,,,
,2.68004,102305,102.305,,,
,2.65008,103734,103.734,,,
,2.62012,105200,105.2,,,
,2.59016,106704,106.704,,,
,2.5602,108247,108.247,,,
,2.53024,109830,109.83,,,
,2.50029,111457,111.457,,,
,2.47033,113127,113.127,,,
,2.44037,114843,114.843,,,
,2.41379,116406,116.406,,,
,2.38721,118007,118.007,,,
,2.36063,119648,119.648,,,
,2.33406,121332,121.332,,,
,2.30748,123059,123.059,,,
,2.2809,124831,124.831,,,
,2.25432,126649,126.649,,,
,2.22775,128516,128.516,,,
,2.20117,130434,130.434,,,
,2.17459,132404,132.404,,,
,2.15084,134211,134.211,,,
,2.12708,136063,136.063,,,
,2.10333,137961,137.961,,,
,2.07957,139909,139.909,,,
,2.05582,141906,141.906,,,
,2.03207,143956,143.956,,,
,2.00831,146060,146.06,,,
,1.98456,148220,148.22,,,
,1.9608,150439,150.439,,,
,1.93705,152719,152.719,,,
,1.91594,154798,154.798,,,
,1.89483,156929,156.929,,,
,1.87371,159114,159.114,,,
,1.8526,161355,161.355,,,
,1.83149,163653,163.653,,,
,1.81038,166011,166.011,,,
,1.78927,168431,168.431,,,
,1.76816,170917,170.917,,,
,1.74705,173469,173.469,,,
,1.72593,176091,176.091,,,
,1.70709,178493,178.493,,,
,1.68825,180954,180.954,,,
,1.6694,183478,183.478,,,
,1.65056,186066,186.066,,,
,1.63172,188721,188.721,,,
,1.61288,191445,191.445,,,
,1.59403,194242,194.242,,,
,1.57519,197113,197.113,,,
,1.55635,200062,200.062,,,
,1.5375,203092,203.092,,,
,1.52074,205859,205.859,,,
,1.50398,208694,208.694,,,
,1.48721,211600,211.6,,,
,1.47045,214581,214.581,,,
,1.45368,217639,217.639,,,
,1.43692,220776,220.776,,,
,1.42016,223997,223.997,,,
,1.40339,227303,227.303,,,
,1.38663,230699,230.699,,,
,1.36987,234188,234.188,,,
,1.35491,237381,237.381,,,
,1.33996,240653,240.653,,,
,1.32501,244009,244.009,,,
,1.31006,247450,247.45,,,
,1.29511,250979,250.979,,,
,1.28016,254601,254.601,,,
,1.26521,258319,258.319,,,
,1.25026,262136,262.136,,,
,1.23531,266057,266.057,,,
,1.22036,270085,270.085,,,
,1.20705,273764,273.764,,,
,1.19374,277536,277.536,,,
,1.18043,281402,281.402,,,
,1.16712,285367,285.367,,,
,1.15381,289435,289.435,,,
,1.1405,293608,293.608,,,
,1.12719,297892,297.892,,,
,1.11388,302290,302.29,,,
,1.10057,306808,306.808,,,
,1.08727,311449,311.449,,,
,1.0754,315694,315.694,,,
,1.06354,320046,320.046,,,
,1.05167,324507,324.507,,,
,1.03981,329082,329.082,,,
,1.02794,333776,333.776,,,
,1.01608,338592,338.592,,,
,1.00421,343535,343.535,,,
,0.99235,348610,348.61,,,
,0.980486,353823,353.823,,,
,0.968622,359179,359.179,,,
,0.958057,364073,364.073,,,
,0.947491,369089,369.089,,,
,0.936926,374231,374.231,,,
,0.926361,379505,379.505,,,
,0.915796,384915,384.915,,,
,0.905231,390466,390.466,,,
,0.894666,396164,396.164,,,
,0.8841,402015,402.015,,,
,0.873535,408023,408.023,,,
,0.86297,414196,414.196,,,
,0.853554,419842,419.842,,,
,0.844138,425628,425.628,,,
,0.834722,431561,431.561,,,
,0.825307,437644,437.644,,,
,0.815891,443885,443.885,,,
,0.8124,446240,446.24,,,
-20,0.810234,446240,446.24,,,249
-19.9787,0.808068,448138,448.138,,,0.002166265
-19.941,0.805902,451537,451.537,,,
-19.9033,0.803736,455019,455.019,,,
-19.8656,0.80157,458627,458.627,,,
-19.8278,0.799404,462401,462.401,,,
-19.7901,0.797238,466384,466.384,,,
-19.7524,0.795072,470618,470.618,,,
-19.7147,0.792906,475146,475.146,,,
-19.677,0.79074,480011,480.011,,,
-19.6393,0.788574,485256,485.256,,,
-19.6015,0.786408,490925,490.925,,,
-19.5638,0.784242,497062,497.062,,,
-19.5261,0.782076,503710,503.71,,,
-19.4884,0.77991,510915,510.915,,,
-19.4507,0.777744,518721,518.721,,,
-19.413,0.775578,527174,527.174,,,
-19.3752,0.773412,536318,536.318,,,
-19.3375,0.771246,546200,546.2,,,
-19.2998,0.76908,556865,556.865,,,
-19.2621,0.766914,568360,568.36,,,
-19.2244,0.764748,580732,580.732,,,
-19.1867,0.762582,594027,594.027,,,
-19.149,0.760416,608293,608.293,,,
-19.1112,0.75825,623577,623.577,,,
-19.0735,0.756084,639927,639.927,,,
-19.0358,0.753918,657391,657.391,,,
-18.9981,0.751752,676018,676.018,,,
-18.9604,0.749586,695857,695.857,,,
-18.9227,0.74742,716956,716.956,,,
-18.8849,0.745254,739364,739.364,,,
-18.8472,0.743088,763132,763.132,,,
-18.8095,0.740922,788309,788.309,,,
-18.7718,0.738756,814945,814.945,,,
-18.7341,0.73659,843092,843.092,,,
-18.6964,0.734424,872799,872.799,,,
-18.6586,0.732258,904118,904.118,,,
-18.6209,0.730092,937100,937.1,,,
-18.5832,0.727926,971797,971.797,,,
-18.5455,0.72576,1.01E+06,1008.26,,,
-18.5078,0.723594,1.05E+06,1046.54,,,
-18.4701,0.721428,1.09E+06,1086.7,,,
-18.4323,0.719262,1.13E+06,1128.78,,,
-18.3946,0.717096,1.17E+06,1172.83,,,
-18.3569,0.71493,1.22E+06,1218.92,,,
-18.3192,0.712764,1.27E+06,1267.09,,,
-18.2815,0.710598,1.32E+06,1317.4,,,
-18.2438,0.708432,1.37E+06,1369.9,,,
-18.2061,0.706266,1.42E+06,1424.65,,,
-18.1683,0.7041,1.48E+06,1481.7,,,
-18.1306,0.701934,1.54E+06,1541.11,,,
-18.0929,0.699768,1.60E+06,1602.93,,,
-18.0552,0.697602,1.67E+06,1667.21,,,
-18.0175,0.695436,1.73E+06,1734.02,,,
-17.9798,0.69327,1.80E+06,1803.41,,,
-17.942,0.691104,1.88E+06,1875.44,,,
-17.9043,0.688938,1.95E+06,1950.15,,,
-17.8666,0.686772,2.03E+06,2027.62,,,
-17.8275,0.684606,2.11E+06,2110.99,,,
-17.7883,0.68244,2.20E+06,2197.45,,,
-17.7492,0.680274,2.29E+06,2287.06,,,
-17.71,0.678108,2.38E+06,2379.88,,,
-17.6709,0.675942,2.48E+06,2475.99,,,
-17.6317,0.673776,2.58E+06,2575.44,,,
-17.5912,0.67161,2.68E+06,2682.05,,,
-17.5506,0.669444,2.79E+06,2792.4,,,
-17.5101,0.667278,2.91E+06,2906.56,,,
-17.4695,0.665112,3.02E+06,3024.6,,,
-17.429,0.662946,3.15E+06,3146.6,,,
-17.3884,0.66078,3.27E+06,3272.62,,,
-17.3464,0.658614,3.41E+06,3407.66,,,
-17.3043,0.656448,3.55E+06,3547.19,,,
-17.2623,0.654282,3.69E+06,3691.3,,,
-17.2202,0.652116,3.84E+06,3840.08,,,
-17.1782,0.64995,3.99E+06,3993.62,,,
-17.1361,0.647784,4.15E+06,4151.99,,,
-17.0925,0.645618,4.32E+06,4321.56,,,
-17.0489,0.643452,4.50E+06,4496.52,,,
-17.0052,0.641286,4.68E+06,4676.98,,,
-16.9616,0.63912,4.86E+06,4863.03,,,
-16.9179,0.636954,5.05E+06,5054.77,,,
-16.8743,0.634788,5.25E+06,5252.29,,,
-16.829,0.632622,5.46E+06,5463.59,,,
-16.7837,0.630456,5.68E+06,5681.35,,,
-16.7384,0.62829,5.91E+06,5905.67,,,
-16.693,0.626124,6.14E+06,6136.66,,,
-16.6477,0.623958,6.37E+06,6374.43,,,
-16.6024,0.621792,6.62E+06,6619.09,,,
-16.5554,0.619626,6.88E+06,6880.6,,,
-16.5083,0.61746,7.15E+06,7149.79,,,
-16.4612,0.615294,7.43E+06,7426.78,,,
-16.4142,0.613128,7.71E+06,7711.71,,,
-16.3671,0.610962,8.00E+06,8004.69,,,
-16.3201,0.608796,8.31E+06,8305.86,,,
-16.2712,0.60663,8.63E+06,8627.49,,,
-16.2223,0.604464,8.96E+06,8958.23,,,
-16.1734,0.602298,9.30E+06,9298.22,,,
-16.1245,0.600132,9.65E+06,9647.61,,,
-16.0757,0.597966,1.00E+07,10006.5,,,
-16.0268,0.5958,1.04E+07,10375.1,,,
-15.976,0.593634,1.08E+07,10768.5,,,
-15.9252,0.591468,1.12E+07,11172.6,,,
-15.8744,0.589302,1.16E+07,11587.7,,,
-15.8237,0.587136,1.20E+07,12013.8,,,
-15.7729,0.58497,1.25E+07,12451.2,,,
-15.7221,0.582804,1.29E+07,12900,,,
-15.6693,0.580638,1.34E+07,13378.6,,,
-15.6166,0.578472,1.39E+07,13869.9,,,
-15.5638,0.576306,1.44E+07,14374.1,,,
-15.5111,0.57414,1.49E+07,14891.4,,,
-15.4583,0.571974,1.54E+07,15421.8,,,
-15.4055,0.569808,1.60E+07,15965.8,,,
-15.3507,0.567642,1.65E+07,16545.4,,,
-15.2959,0.565476,1.71E+07,17140,,,
-15.241,0.56331,1.77E+07,17749.8,,,
-15.1862,0.561144,1.84E+07,18374.8,,,
-15.1314,0.558978,1.90E+07,19015.4,,,
-15.0765,0.556812,1.97E+07,19671.7,,,
-15.0195,0.554646,2.04E+07,20370.9,,,
-14.9625,0.55248,2.11E+07,21087.6,,,
-14.9055,0.550314,2.18E+07,21822,,,
-14.8485,0.548148,2.26E+07,22574.3,,,
-14.7915,0.545982,2.33E+07,23344.8,,,
-14.7345,0.543816,2.41E+07,24133.6,,,
-14.6752,0.54165,2.50E+07,24973.9,,,
-14.6159,0.539484,2.58E+07,25834.5,,,
-14.5567,0.537318,2.67E+07,26715.9,,,
-14.4974,0.535152,2.76E+07,27618.1,,,
-14.4381,0.532986,2.85E+07,28541.6,,,
-14.3768,0.53082,2.95E+07,29518.9,,,
-14.3155,0.528654,3.05E+07,30519.4,,,
-14.2542,0.526488,3.15E+07,31543.4,,,
-14.1929,0.524322,3.26E+07,32591.1,,,
-14.1316,0.522156,3.37E+07,33663,,,
-14.0682,0.51999,3.48E+07,34797.3,,,
-14.0048,0.517824,3.60E+07,35957.9,,,
-13.9414,0.515658,3.71E+07,37145.2,,,
-13.878,0.513492,3.84E+07,38359.5,,,
-13.8146,0.511326,3.96E+07,39601.1,,,
-13.749,0.50916,4.09E+07,40915.2,,,
-13.6834,0.506994,4.23E+07,42259.2,,,
-13.6178,0.504828,4.36E+07,43633.4,,,
-13.5521,0.502662,4.50E+07,45038.2,,,
-13.4865,0.500496,4.65E+07,46473.8,,,
-13.4186,0.49833,4.80E+07,47993.8,,,
-13.3506,0.496164,4.95E+07,49547.6,,,
-13.2826,0.493998,5.11E+07,51135.6,,,
-13.2146,0.491832,5.28E+07,52758.2,,,
-13.1467,0.489666,5.44E+07,54415.6,,,
-13.0762,0.4875,5.62E+07,56171.3,,,
-13.0057,0.485334,5.80E+07,57965.3,,,
-12.9353,0.483168,5.98E+07,59797.9,,,
-12.8648,0.481002,6.17E+07,61669.5,,,
-12.7943,0.478836,6.36E+07,63580.5,,,
-12.7212,0.47667,6.56E+07,65606.2,,,
-12.648,0.474504,6.77E+07,67675,,,
-12.5749,0.472338,6.98E+07,69787.5,,,
-12.5017,0.470172,7.19E+07,71944.1,,,
-12.4286,0.468006,7.41E+07,74145.1,,,
-12.3526,0.46584,7.65E+07,76480.1,,,
-12.2766,0.463674,7.89E+07,78864,,,
-12.2005,0.461508,8.13E+07,81297.1,,,
-12.1245,0.459342,8.38E+07,83779.8,,,
-12.0485,0.457176,8.63E+07,86312.6,,,
-11.9694,0.45501,8.90E+07,89002.8,,,
-11.8902,0.452844,9.17E+07,91748,,,
-11.8111,0.450678,9.45E+07,94548.7,,,
-11.7319,0.448512,9.74E+07,97405.4,,,
-11.6501,0.446346,1.00E+08,100419,,,
-11.5682,0.44418,1.03E+08,103493,,,
-11.4864,0.442014,1.07E+08,106628,,,
-11.4046,0.439848,1.10E+08,109825,,,
-11.3198,0.437682,1.13E+08,113201,,,
-11.235,0.435516,1.17E+08,116644,,,
-11.1502,0.43335,1.20E+08,120154,,,
-11.0655,0.431184,1.24E+08,123731,,,
-10.9775,0.429018,1.28E+08,127515,,,
-10.8896,0.426852,1.31E+08,131371,,,
-10.8016,0.424686,1.35E+08,135302,,,
-10.7137,0.42252,1.39E+08,139306,,,
-10.6223,0.420354,1.44E+08,143548,,,
-10.5308,0.418188,1.48E+08,147871,,,
-10.4394,0.416022,1.52E+08,152275,,,
-10.348,0.413856,1.57E+08,156760,,,
-10.2527,0.41169,1.62E+08,161521,,,
-10.1574,0.409524,1.66E+08,166371,,,
-10.0621,0.407358,1.71E+08,171310,,,
-9.96684,0.405192,1.76E+08,176338,,,
-9.86726,0.403026,1.82E+08,181689,,,
-9.76768,0.40086,1.87E+08,187138,,,
-9.66809,0.398694,1.93E+08,192684,,,
-9.5649,0.396528,1.99E+08,198535,,,
-9.4617,0.394362,2.04E+08,204491,,,
-9.3585,0.392196,2.11E+08,210552,,,
-9.25129,0.39003,2.17E+08,216960,,,
-9.14408,0.387864,2.23E+08,223482,,,
-9.03688,0.385698,2.30E+08,230116,,,
-8.92516,0.383532,2.37E+08,237148,,,
-8.81345,0.381366,2.44E+08,244302,,,
-8.70173,0.3792,2.52E+08,251578,,,
-8.58489,0.377034,2.59E+08,259317,,,
-8.46804,0.374868,2.67E+08,267187,,,
-8.3512,0.372702,2.75E+08,275187,,,
-8.22839,0.370536,2.84E+08,283735,,,
-8.10558,0.36837,2.92E+08,292425,,,
-7.97818,0.366204,3.02E+08,301589,,,
-7.85077,0.364038,3.11E+08,310902,,,
-7.71809,0.361872,3.21E+08,320758,,,
-7.58541,0.359706,3.31E+08,330772,,,
-7.44658,0.35754,3.41E+08,341417,,,
-7.30774,0.355374,3.52E+08,352230,,,
-7.16153,0.353208,3.64E+08,363795,,,
-7.01532,0.351042,3.76E+08,375539,,,
-6.8599,0.348876,3.88E+08,388216,,,
-6.69889,0.34671,4.02E+08,401549,,,
-6.53115,0.344544,4.16E+08,415654,,,
-6.35518,0.342378,4.31E+08,430678,,,
-6.16862,0.340212,4.47E+08,446847,,,
-5.96732,0.338046,4.65E+08,464562,,,
-5.74202,0.33588,4.85E+08,484700,,,
-5.45535,0.333714,5.11E+08,510766,,,
-5.25229,0.331548,5.30E+08,529505,,,
-5.0328,0.329382,5.50E+08,549994,,,
-4.8133,0.327216,5.71E+08,570702,,,
-4.62536,0.32505,5.89E+08,588588,,,
-4.43742,0.322884,6.07E+08,606600,,,
-4.24947,0.320718,6.25E+08,624722,,,
-4.06153,0.318552,6.43E+08,642935,,,
-3.87359,0.316386,6.61E+08,661224,,,
-3.68565,0.31422,6.80E+08,679569,,,
-3.4977,0.312054,6.98E+08,697952,,,
-3.30976,0.309888,7.16E+08,716354,,,
-3.12182,0.307722,7.35E+08,734757,,,
-2.93387,0.305556,7.53E+08,753141,,,
-2.74593,0.30339,7.71E+08,771486,,,
-2.55799,0.301224,7.90E+08,789772,,,
-2.37004,0.299058,8.08E+08,807979,,,
-2.1821,0.296892,8.26E+08,826088,,,
-1.99416,0.294726,8.44E+08,844077,,,
-1.80621,0.29256,8.62E+08,861926,,,
-1.61827,0.290394,8.80E+08,879615,,,
-1.43033,0.288228,8.97E+08,897123,,,
-1.24239,0.286062,9.14E+08,914429,,,
-1.05444,0.283896,9.32E+08,931513,,,
-0.8665,0.28173,9.48E+08,948356,,,
-0.678557,0.279564,9.65E+08,964936,,,
-0.490614,0.277398,9.81E+08,981233,,,
-0.302671,0.275232,9.97E+08,997228,,,
-0.107522,0.273066,1.01E+09,1013500,,,
0.0876261,0.275084,1.03E+09,1029400,,483,0.002018219
0.282775,0.277102,1.04E+09,1044910,,,
0.485557,0.27912,1.06E+09,1060590,,,
0.688339,0.281138,1.08E+09,1075800,,,
0.898064,0.283156,1.09E+09,1091030,,,
1.10779,0.285174,1.11E+09,1105710,,,
1.32719,0.287192,1.12E+09,1120460,,,
1.5466,0.28921,1.13E+09,1134560,,,
1.78099,0.291228,1.15E+09,1148890,,,
2.02644,0.293246,1.16E+09,1163040,,,
2.2896,0.295264,1.18E+09,1177220,,,
2.58632,0.297282,1.19E+09,1191920,,,
2.8521,0.2993,1.20E+09,1203900,,,
3.10043,0.301318,1.21E+09,1214050,,,
3.34876,0.303336,1.22E+09,1223180,,,
3.56401,0.305354,1.23E+09,1230250,,,
3.77926,0.307372,1.24E+09,1236530,,,
3.99452,0.30939,1.24E+09,1242000,,,
4.20977,0.311408,1.25E+09,1246660,,,
4.39721,0.313426,1.25E+09,1250050,,,
4.58465,0.315444,1.25E+09,1252830,,,
4.77208,0.317462,1.25E+09,1254980,,,
4.95952,0.31948,1.26E+09,1256500,,,
5.14695,0.321498,1.26E+09,1257400,,,
5.33439,0.323516,1.26E+09,1257680,,,
5.52182,0.325534,1.26E+09,1257340,,,
5.6867,0.327552,1.26E+09,1256520,,,
5.85158,0.32957,1.26E+09,1255230,,,
6.01646,0.331588,1.25E+09,1253470,,,
6.18134,0.333606,1.25E+09,1251230,,,
6.34622,0.335624,1.25E+09,1248530,,,
6.5111,0.337642,1.25E+09,1245360,,,
6.67598,0.33966,1.24E+09,1241740,,,
6.84086,0.341678,1.24E+09,1237670,,,
7.00574,0.343696,1.23E+09,1233140,,,
7.17062,0.345714,1.23E+09,1228180,,,
7.3355,0.347732,1.22E+09,1222790,,,
7.48294,0.34975,1.22E+09,1217600,,,
7.63037,0.351768,1.21E+09,1212080,,,
7.77781,0.353786,1.21E+09,1206230,,,
7.92524,0.355804,1.20E+09,1200050,,,
8.07268,0.357822,1.19E+09,1193550,,,
8.22012,0.35984,1.19E+09,1186740,,,
8.36755,0.361858,1.18E+09,1179630,,,
8.51499,0.363876,1.17E+09,1172220,,,
8.66243,0.365894,1.16E+09,1164510,,,
8.80986,0.367912,1.16E+09,1156520,,,
8.9573,0.36993,1.15E+09,1148260,,,
9.10474,0.371948,1.14E+09,1139720,,,
9.25217,0.373966,1.13E+09,1130920,,,
9.39961,0.375984,1.12E+09,1121860,,,
9.54705,0.378002,1.11E+09,1112560,,,
9.69448,0.38002,1.10E+09,1103020,,,
9.84192,0.382038,1.09E+09,1093240,,,
9.98936,0.384056,1.08E+09,1083250,,,
10.1368,0.386074,1.07E+09,1073040,,,
10.2842,0.388092,1.06E+09,1062620,,,
10.4317,0.39011,1.05E+09,1052010,,,
10.5791,0.392128,1.04E+09,1041200,,,
10.7265,0.394146,1.03E+09,1030220,,,
10.874,0.396164,1.02E+09,1019070,,,
11.0214,0.398182,1.01E+09,1007750,,,
11.1688,0.4002,9.96E+08,996278,,,
11.3163,0.402218,9.85E+08,984661,,,
11.4637,0.404236,9.73E+08,972907,,,
11.6112,0.406254,9.61E+08,961025,,,
11.7586,0.408272,9.49E+08,949023,,,
11.906,0.41029,9.37E+08,936911,,,
12.0535,0.412308,9.25E+08,924697,,,
12.2009,0.414326,9.12E+08,912389,,,
12.3483,0.416344,9.00E+08,899996,,,
12.4958,0.418362,8.88E+08,887527,,,
12.6432,0.42038,8.75E+08,874990,,,
12.7907,0.422398,8.62E+08,862392,,,
12.9381,0.424416,8.50E+08,849743,,,
13.0855,0.426434,8.37E+08,837051,,,
13.233,0.428452,8.24E+08,824323,,,
13.3804,0.43047,8.12E+08,811567,,,
13.5278,0.432488,7.99E+08,798792,,,
13.6753,0.434506,7.86E+08,786004,,,
13.8227,0.436524,7.73E+08,773212,,,
13.9701,0.438542,7.60E+08,760423,,,
14.1234,0.44056,7.47E+08,747138,,,
14.2767,0.442578,7.34E+08,733872,,,
14.4412,0.444596,7.20E+08,719659,,,
14.6153,0.446614,7.05E+08,704673,,,
14.8064,0.448632,6.88E+08,688280,,,
15.047,0.45065,6.68E+08,667751,,,
15.1963,0.452668,6.55E+08,655099,,,
15.3696,0.454686,6.40E+08,640487,,,
15.5161,0.456704,6.28E+08,628208,,,
15.6627,0.458722,6.16E+08,616005,,,
15.8092,0.46074,6.04E+08,603882,,,
15.9557,0.462758,5.92E+08,591844,,,
16.0837,0.464776,5.81E+08,581407,,,
16.2116,0.466794,5.71E+08,571043,,,
16.3396,0.468812,5.61E+08,560754,,,
16.4675,0.47083,5.51E+08,550542,,,
16.5955,0.472848,5.40E+08,540411,,,
16.7234,0.474866,5.30E+08,530363,,,
16.8371,0.476884,5.22E+08,521507,,,
16.9508,0.478902,5.13E+08,512721,,,
17.0644,0.48092,5.04E+08,504005,,,
17.1781,0.482938,4.95E+08,495362,,,
17.2918,0.484956,4.87E+08,486794,,,
17.4055,0.486974,4.78E+08,478301,,,
17.5192,0.488992,4.70E+08,469885,,,
17.6329,0.49101,4.62E+08,461547,,,
17.7465,0.493028,4.53E+08,453289,,,
17.8473,0.495046,4.46E+08,446041,,,
17.948,0.497064,4.39E+08,438856,,,
18.0487,0.499082,4.32E+08,431737,,,
18.1494,0.5011,4.25E+08,424683,,,
18.2501,0.503118,4.18E+08,417695,,,
18.3508,0.505136,4.11E+08,410774,,,
18.4515,0.507154,4.04E+08,403921,,,
18.5523,0.509172,3.97E+08,397136,,,
18.653,0.51119,3.90E+08,390420,,,
18.7537,0.513208,3.84E+08,383772,,,
18.8544,0.515226,3.77E+08,377194,,,
18.9551,0.517244,3.71E+08,370686,,,
19.0558,0.519262,3.64E+08,364248,,,
19.1457,0.52128,3.59E+08,358567,,,
19.2355,0.523298,3.53E+08,352942,,,
19.3253,0.525316,3.47E+08,347374,,,
19.4151,0.527334,3.42E+08,341862,,,
19.5049,0.529352,3.36E+08,336408,,,
19.5947,0.53137,3.31E+08,331010,,,
19.6845,0.533388,3.26E+08,325669,,,
19.7743,0.535406,3.20E+08,320386,,,
19.8641,0.537424,3.15E+08,315160,,,
19.954,0.539442,3.10E+08,309991,,,
20.0438,0.54146,3.05E+08,304880,,,
20.1336,0.543478,3.00E+08,299826,,,
20.2234,0.545496,2.95E+08,294829,,,
20.3132,0.547514,2.90E+08,289890,,,
20.403,0.549532,2.85E+08,285009,,,
20.4928,0.55155,2.80E+08,280184,,,
20.5826,0.553568,2.75E+08,275417,,,
20.6634,0.555586,2.71E+08,271176,,,
20.7442,0.557604,2.67E+08,266982,,,
20.825,0.559622,2.63E+08,262834,,,
20.9059,0.56164,2.59E+08,258731,,,
20.9867,0.563658,2.55E+08,254675,,,
21.0675,0.565676,2.51E+08,250665,,,
21.1483,0.567694,2.47E+08,246700,,,
21.2291,0.569712,2.43E+08,242780,,,
21.3099,0.57173,2.39E+08,238906,,,
21.3907,0.573748,2.35E+08,235078,,,
21.4715,0.575766,2.31E+08,231294,,,
21.5523,0.577784,2.28E+08,227555,,,
21.6331,0.579802,2.24E+08,223861,,,
21.7139,0.58182,2.20E+08,220212,,,
21.7947,0.583838,2.17E+08,216607,,,
21.8755,0.585856,2.13E+08,213046,,,
21.9563,0.587874,2.10E+08,209529,,,
22.0371,0.589892,2.06E+08,206055,,,
22.1179,0.59191,2.03E+08,202626,,,
22.1988,0.593928,1.99E+08,199239,,,
22.2796,0.595946,1.96E+08,195896,,,
22.3604,0.597964,1.93E+08,192595,,,
22.4412,0.599982,1.89E+08,189337,,,
22.5135,0.602,1.86E+08,186459,,,
22.5857,0.604018,1.84E+08,183614,,,
22.658,0.606036,1.81E+08,180803,,,
22.7303,0.608054,1.78E+08,178025,,,
22.8026,0.610072,1.75E+08,175281,,,
22.8748,0.61209,1.73E+08,172569,,,
22.9471,0.614108,1.70E+08,169890,,,
23.0194,0.616126,1.67E+08,167243,,,
23.0917,0.618144,1.65E+08,164629,,,
23.164,0.620162,1.62E+08,162047,,,
23.2362,0.62218,1.59E+08,159497,,,
23.3085,0.624198,1.57E+08,156978,,,
23.3808,0.626216,1.54E+08,154491,,,
23.4531,0.628234,1.52E+08,152036,,,
23.5254,0.630252,1.50E+08,149611,,,
23.5976,0.63227,1.47E+08,147217,,,
23.6699,0.634288,1.45E+08,144853,,,
23.7422,0.636306,1.43E+08,142520,,,
23.8145,0.638324,1.40E+08,140217,,,
23.8868,0.640342,1.38E+08,137944,,,
23.959,0.64236,1.36E+08,135701,,,
24.0313,0.644378,1.33E+08,133487,,,
24.1036,0.646396,1.31E+08,131302,,,
24.1759,0.648414,1.29E+08,129146,,,
24.2482,0.650432,1.27E+08,127019,,,
24.3204,0.65245,1.25E+08,124921,,,
24.3927,0.654468,1.23E+08,122850,,,
24.465,0.656486,1.21E+08,120808,,,
24.5373,0.658504,1.19E+08,118793,,,
24.6095,0.660522,1.17E+08,116806,,,
24.6818,0.66254,1.15E+08,114846,,,
24.7467,0.664558,1.13E+08,113109,,,
24.8117,0.666576,1.11E+08,111393,,,
24.8766,0.668594,1.10E+08,109699,,,
24.9415,0.670612,1.08E+08,108026,,,
25.0064,0.67263,1.06E+08,106375,,,
25.0714,0.674648,1.05E+08,104744,,,
25.1363,0.676666,1.03E+08,103133,,,
25.2012,0.678684,1.02E+08,101544,,,
25.2661,0.680702,1.00E+08,99974.6,,,
25.331,0.68272,9.84E+07,98425.5,,,
25.396,0.684738,9.69E+07,96896.5,,,
25.4609,0.686756,9.54E+07,95387.3,,,
25.5258,0.688774,9.39E+07,93897.8,,,
25.5907,0.690792,9.24E+07,92427.7,,,
25.6556,0.69281,9.10E+07,90977,,,
25.7206,0.694828,8.95E+07,89545.3,,,
25.7855,0.696846,8.81E+07,88132.6,,,
25.8504,0.698864,8.67E+07,86738.7,,,
25.9153,0.700882,8.54E+07,85363.4,,,
25.9802,0.7029,8.40E+07,84006.4,,,
26.0452,0.704918,8.27E+07,82667.7,,,
26.1101,0.706936,8.13E+07,81347.1,,,
26.175,0.708954,8.00E+07,80044.3,,,
26.2399,0.710972,7.88E+07,78759.3,,,
26.3048,0.71299,7.75E+07,77491.7,,,
26.3698,0.715008,7.62E+07,76241.5,,,
26.4347,0.717026,7.50E+07,75008.5,,,
26.4996,0.719044,7.38E+07,73792.4,,,
26.5645,0.721062,7.26E+07,72593.2,,,
26.6294,0.72308,7.14E+07,71410.7,,,
26.6944,0.725098,7.02E+07,70244.6,,,
26.7593,0.727116,6.91E+07,69094.8,,,
26.8242,0.729134,6.80E+07,67961.2,,,
26.8891,0.731152,6.68E+07,66843.5,,,
26.9541,0.73317,6.57E+07,65741.6,,,
27.019,0.735188,6.47E+07,64655.4,,,
27.0839,0.737206,6.36E+07,63584.5,,,
27.1488,0.739224,6.25E+07,62529,,,
27.2137,0.741242,6.15E+07,61488.6,,,
27.2787,0.74326,6.05E+07,60463.1,,,
27.3436,0.745278,5.95E+07,59452.5,,,
27.4019,0.747296,5.86E+07,58557.3,,,
27.4602,0.749314,5.77E+07,57673.8,,,
27.5185,0.751332,5.68E+07,56801.8,,,
27.5768,0.75335,5.59E+07,55941.3,,,
27.6351,0.755368,5.51E+07,55092,,,
27.6934,0.757386,5.43E+07,54254,,,
27.7517,0.759404,5.34E+07,53427.1,,,
27.81,0.761422,5.26E+07,52611.2,,,
27.8683,0.76344,5.18E+07,51806.1,,,
27.9266,0.765458,5.10E+07,51011.7,,,
27.9849,0.767476,5.02E+07,50228,,,
28.0432,0.769494,4.95E+07,49454.8,,,
28.1015,0.771512,4.87E+07,48692,,,
28.1598,0.77353,4.79E+07,47939.5,,,
28.2181,0.775548,4.72E+07,47197.2,,,
28.2764,0.777566,4.65E+07,46465,,,
28.3347,0.779584,4.57E+07,45742.7,,,
28.393,0.781602,4.50E+07,45030.2,,,
28.4513,0.78362,4.43E+07,44327.6,,,
28.5097,0.785638,4.36E+07,43634.5,,,
28.568,0.787656,4.30E+07,42951,,,
28.6263,0.789674,4.23E+07,42276.9,,,
28.6846,0.791692,4.16E+07,41612.1,,,
28.7429,0.79371,4.10E+07,40956.6,,,
28.8012,0.795728,4.03E+07,40310.2,,,
28.8595,0.797746,3.97E+07,39672.7,,,
28.9178,0.799764,3.90E+07,39044.2,,,
28.9761,0.801782,3.84E+07,38424.5,,,
29.0344,0.8038,3.78E+07,37813.5,,,
29.0927,0.805818,3.72E+07,37211,,,
29.151,0.807836,3.66E+07,36617.1,,,
29.2093,0.809854,3.60E+07,36031.6,,,
29.2676,0.811872,3.55E+07,35454.4,,,
29.3259,0.81389,3.49E+07,34885.4,,,
29.3842,0.815908,3.43E+07,34324.5,,,
29.4425,0.817926,3.38E+07,33771.7,,,
29.5008,0.819944,3.32E+07,33226.7,,,
29.5591,0.821962,3.27E+07,32689.6,,,
29.6174,0.82398,3.22E+07,32160.3,,,
29.6757,0.825998,3.16E+07,31638.5,,,
29.734,0.828016,3.11E+07,31124.3,,,
29.7923,0.830034,3.06E+07,30617.6,,,
29.8506,0.832052,3.01E+07,30118.3,,,
29.9089,0.83407,2.96E+07,29626.2,,,
29.9672,0.836088,2.91E+07,29141.3,,,
30.0255,0.838106,2.87E+07,28663.5,,,
30.0838,0.840124,2.82E+07,28192.7,,,
30.1422,0.842142,2.77E+07,27728.9,,,
30.2005,0.84416,2.73E+07,27271.9,,,
30.2588,0.846178,2.68E+07,26821.6,,,
30.3171,0.848196,2.64E+07,26378,,,
30.3754,0.850214,2.59E+07,25941,,,
30.4337,0.852232,2.55E+07,25510.5,,,
30.492,0.85425,2.51E+07,25086.5,,,
30.5503,0.856268,2.47E+07,24668.7,,,
30.6027,0.858286,2.43E+07,24298.5,,,
30.6551,0.860304,2.39E+07,23933.3,,,
30.7075,0.862322,2.36E+07,23573,,,
30.76,0.86434,2.32E+07,23217.6,,,
30.8124,0.866358,2.29E+07,22867,,,
30.8648,0.868376,2.25E+07,22521.3,,,
30.9172,0.870394,2.22E+07,22180.2,,,
30.9696,0.872412,2.18E+07,21843.8,,,
31.0221,0.87443,2.15E+07,21512,,,
31.0745,0.876448,2.12E+07,21184.7,,,
31.1269,0.878466,2.09E+07,20862,,,
31.1793,0.880484,2.05E+07,20543.7,,,
31.2317,0.882502,2.02E+07,20229.8,,,
31.2842,0.88452,1.99E+07,19920.3,,,
31.3366,0.886538,1.96E+07,19615,,,
31.389,0.888556,1.93E+07,19314,,,
31.4414,0.890574,1.90E+07,19017.2,,,
31.4938,0.892592,1.87E+07,18724.5,,,
31.5463,0.89461,1.84E+07,18435.9,,,
31.5987,0.896628,1.82E+07,18151.3,,,
31.6511,0.898646,1.79E+07,17870.7,,,
31.7035,0.900664,1.76E+07,17594.1,,,
31.756,0.902682,1.73E+07,17321.3,,,
31.8084,0.9047,1.71E+07,17052.4,,,
31.8608,0.906718,1.68E+07,16787.4,,,
31.9132,0.908736,1.65E+07,16526,,,
31.9656,0.910754,1.63E+07,16268.4,,,
32.0181,0.912772,1.60E+07,16014.4,,,
32.0705,0.91479,1.58E+07,15764,,,
32.1229,0.916808,1.55E+07,15517.2,,,
32.1753,0.918826,1.53E+07,15274,,,
32.2277,0.920844,1.50E+07,15034.2,,,
32.2802,0.922862,1.48E+07,14797.8,,,
32.3326,0.92488,1.46E+07,14564.9,,,
32.385,0.926898,1.43E+07,14335.3,,,
32.4374,0.928916,1.41E+07,14109,,,
32.4898,0.930934,1.39E+07,13885.9,,,
32.5423,0.932952,1.37E+07,13666.1,,,
32.5947,0.93497,1.34E+07,13449.5,,,
32.6471,0.936988,1.32E+07,13236,,,
32.6995,0.939006,1.30E+07,13025.7,,,
32.7519,0.941024,1.28E+07,12818.4,,,
32.8044,0.943042,1.26E+07,12614.1,,,
32.8568,0.94506,1.24E+07,12412.8,,,
32.9092,0.947078,1.22E+07,12214.4,,,
32.9616,0.949096,1.20E+07,12019,,,
33.014,0.951114,1.18E+07,11826.4,,,
33.0665,0.953132,1.16E+07,11636.7,,,
33.1189,0.95515,1.14E+07,11449.7,,,
33.1713,0.957168,1.13E+07,11265.5,,,
33.2237,0.959186,1.11E+07,11084.1,,,
33.2761,0.961204,1.09E+07,10905.3,,,
33.3286,0.963222,1.07E+07,10729.2,,,
33.381,0.96524,1.06E+07,10555.7,,,
33.4334,0.967258,1.04E+07,10384.8,,,
33.4858,0.969276,1.02E+07,10216.4,,,
33.5382,0.971294,1.01E+07,10050.6,,,
33.5907,0.973312,9.89E+06,9887.19,,,
33.6431,0.97533,9.73E+06,9726.27,,,
33.6955,0.977348,9.57E+06,9567.76,,,
33.7479,0.979366,9.41E+06,9411.64,,,
33.8004,0.981384,9.26E+06,9257.86,,,
33.8528,0.983402,9.11E+06,9106.41,,,
33.9052,0.98542,8.96E+06,8957.25,,,
33.9576,0.987438,8.81E+06,8810.34,,,
34.01,0.989456,8.67E+06,8665.66,,,
34.0625,0.991474,8.52E+06,8523.18,,,
34.1149,0.993492,8.38E+06,8382.86,,,
34.1673,0.99551,8.24E+06,8244.68,,,
34.2197,0.997528,8.11E+06,8108.6,,,
34.2721,0.999546,7.97E+06,7974.61,,,
34.3246,1.001564,7.84E+06,7842.67,,,
34.377,1.003582,7.71E+06,7712.75,,,
34.4294,1.0056,7.58E+06,7584.82,,,
34.4818,1.007618,7.46E+06,7458.86,,,
34.5289,1.009636,7.35E+06,7347.33,,,
34.576,1.011654,7.24E+06,7237.35,,,
34.6231,1.013672,7.13E+06,7128.9,,,
34.6702,1.01569,7.02E+06,7021.96,,,
34.7173,1.017708,6.92E+06,6916.5,,,
34.7644,1.019726,6.81E+06,6812.52,,,
34.8115,1.021744,6.71E+06,6709.99,,,
34.8586,1.023762,6.61E+06,6608.89,,,
34.9057,1.02578,6.51E+06,6509.2,,,
34.9528,1.027798,6.41E+06,6410.91,,,
34.9999,1.029816,6.31E+06,6314.01,,,
35.047,1.031834,6.22E+06,6218.46,,,
35.0941,1.033852,6.12E+06,6124.26,,,
35.1412,1.03587,6.03E+06,6031.38,,,
35.1883,1.037888,5.94E+06,5939.82,,,
35.2354,1.039906,5.85E+06,5849.55,,,
35.2825,1.041924,5.76E+06,5760.56,,,
35.3296,1.043942,5.67E+06,5672.83,,,
35.3767,1.04596,5.59E+06,5586.34,,,
35.4238,1.047978,5.50E+06,5501.08,,,
35.4709,1.049996,5.42E+06,5417.03,,,
35.518,1.052014,5.33E+06,5334.18,,,
35.5651,1.054032,5.25E+06,5252.51,,,
35.6123,1.05605,5.17E+06,5172.01,,,
35.6594,1.058068,5.09E+06,5092.66,,,
35.7065,1.060086,5.01E+06,5014.45,,,
35.7536,1.062104,4.94E+06,4937.35,,,
35.8007,1.064122,4.86E+06,4861.36,,,
35.8478,1.06614,4.79E+06,4786.47,,,
35.8949,1.068158,4.71E+06,4712.65,,,
35.942,1.070176,4.64E+06,4639.89,,,
35.9891,1.072194,4.57E+06,4568.19,,,
36.0362,1.074212,4.50E+06,4497.52,,,
36.0833,1.07623,4.43E+06,4427.87,,,
36.1304,1.078248,4.36E+06,4359.23,,,
36.1775,1.080266,4.29E+06,4291.59,,,
36.2246,1.082284,4.22E+06,4224.93,,,
36.2717,1.084302,4.16E+06,4159.23,,,
36.3188,1.08632,4.09E+06,4094.5,,,
36.3659,1.088338,4.03E+06,4030.7,,,
36.413,1.090356,3.97E+06,3967.84,,,
36.4601,1.092374,3.91E+06,3905.89,,,
36.5072,1.094392,3.84E+06,3844.86,,,
36.5543,1.09641,3.78E+06,3784.71,,,
36.6014,1.098428,3.73E+06,3725.45,,,
36.6485,1.100446,3.67E+06,3667.05,,,
36.6956,1.102464,3.61E+06,3609.52,,,
36.7427,1.104482,3.55E+06,3552.83,,,
36.7898,1.1065,3.50E+06,3496.97,,,
36.8369,1.108518,3.44E+06,3441.94,,,
36.884,1.110536,3.39E+06,3387.73,,,
36.9311,1.112554,3.33E+06,3334.31,,,
36.9782,1.114572,3.28E+06,3281.69,,,
37.0253,1.11659,3.23E+06,3229.84,,,
37.0724,1.118608,3.18E+06,3178.76,,,
37.1195,1.120626,3.13E+06,3128.45,,,
37.1666,1.122644,3.08E+06,3078.88,,,
37.2137,1.124662,3.03E+06,3030.05,,,
37.2608,1.12668,2.98E+06,2981.95,,,
37.3079,1.128698,2.93E+06,2934.56,,,
37.355,1.130716,2.89E+06,2887.89,,,
37.4021,1.132734,2.84E+06,2841.91,,,
37.4492,1.134752,2.80E+06,2796.62,,,
37.4963,1.13677,2.75E+06,2752.01,,,
37.5434,1.138788,2.71E+06,2708.07,,,
37.5905,1.140806,2.66E+06,2664.79,,,
37.6376,1.142824,2.62E+06,2622.16,,,
37.6847,1.144842,2.58E+06,2580.17,,,
37.7318,1.14686,2.54E+06,2538.82,,,
37.7789,1.148878,2.50E+06,2498.09,,,
37.826,1.150896,2.46E+06,2457.98,,,
37.8731,1.152914,2.42E+06,2418.47,,,
37.9202,1.154932,2.38E+06,2379.57,,,
37.9673,1.15695,2.34E+06,2341.25,,,
38.0144,1.158968,2.30E+06,2303.51,,,
38.0615,1.160986,2.27E+06,2266.35,,,
38.1086,1.163004,2.23E+06,2229.76,,,
38.1557,1.165022,2.19E+06,2193.72,,,
38.2028,1.16704,2.16E+06,2158.23,,,
38.2499,1.169058,2.12E+06,2123.29,,,
38.297,1.171076,2.09E+06,2088.88,,,
38.3441,1.173094,2.05E+06,2054.99,,,
38.3912,1.175112,2.02E+06,2021.62,,,
38.4383,1.17713,1.99E+06,1988.77,,,
38.4854,1.179148,1.96E+06,1956.42,,,
38.5325,1.181166,1.92E+06,1924.57,,,
38.5796,1.183184,1.89E+06,1893.21,,,
38.6267,1.185202,1.86E+06,1862.33,,,
38.6738,1.18722,1.83E+06,1831.93,,,
38.7209,1.189238,1.80E+06,1802,,,
38.768,1.191256,1.77E+06,1772.53,,,
38.8151,1.193274,1.74E+06,1743.51,,,
38.8622,1.195292,1.71E+06,1714.95,,,
38.9093,1.19731,1.69E+06,1686.83,,,
38.9564,1.199328,1.66E+06,1659.14,,,
39.0035,1.201346,1.63E+06,1631.89,,,
39.0506,1.203364,1.61E+06,1605.06,,,
39.0977,1.205382,1.58E+06,1578.65,,,
39.1449,1.2074,1.55E+06,1552.65,,,
39.192,1.209418,1.53E+06,1527.05,,,
39.2391,1.211436,1.50E+06,1501.86,,,
39.2862,1.213454,1.48E+06,1477.06,,,
39.3333,1.215472,1.45E+06,1452.65,,,
39.3804,1.21749,1.43E+06,1428.62,,,
39.4227,1.219508,1.41E+06,1407.32,,,
39.4651,1.221526,1.39E+06,1386.32,,,
39.5075,1.223544,1.37E+06,1365.63,,,
39.5499,1.225562,1.35E+06,1345.22,,,
39.5922,1.22758,1.33E+06,1325.11,,,
39.6346,1.229598,1.31E+06,1305.28,,,
39.677,1.231616,1.29E+06,1285.73,,,
39.7194,1.233634,1.27E+06,1266.46,,,
39.7617,1.235652,1.25E+06,1247.46,,,
39.8041,1.23767,1.23E+06,1228.74,,,
39.8465,1.239688,1.21E+06,1210.28,,,
39.8889,1.241706,1.19E+06,1192.08,,,
39.9312,1.243724,1.17E+06,1174.15,,,
39.9736,1.245742,1.16E+06,1156.47,,,
40,1.24776,1.15E+06,1145.6,,,
,1.2478,1.15E+06,1145.6,,,
,1.25953,1.13E+06,1132.45,,,
,1.27337,1.12E+06,1117.28,,,
,1.28721,1.10E+06,1102.47,,,
,1.30105,1.09E+06,1088.02,,,
,1.31489,1.07E+06,1073.9,,,
,1.32934,1.06E+06,1059.52,,,
,1.34379,1.05E+06,1045.48,,,
,1.35823,1.03E+06,1031.77,,,
,1.37268,1.02E+06,1018.39,,,
,1.38776,1.00E+06,1004.75,,,
,1.40284,991438,991.438,,,
,1.41793,978441,978.441,,,
,1.43301,965749,965.749,,,
,1.44875,952814,952.814,,,
,1.4645,940189,940.189,,,
,1.48024,927864,927.864,,,
,1.49599,915828,915.828,,,
,1.51242,903562,903.562,,,
,1.52886,891589,891.589,,,
,1.5453,879901,879.901,,,
,1.56173,868488,868.488,,,
,1.57889,856855,856.855,,,
,1.59605,845502,845.502,,,
,1.61321,834418,834.418,,,
,1.63037,823594,823.594,,,
,1.64828,812563,812.563,,,
,1.6662,801797,801.797,,,
,1.68411,791286,791.286,,,
,1.70202,781022,781.022,,,
,1.72072,770561,770.561,,,
,1.73943,760351,760.351,,,
,1.75813,750383,750.383,,,
,1.77683,740650,740.65,,,
,1.79635,730730,730.73,,,
,1.81587,721047,721.047,,,
,1.83539,711595,711.595,,,
,1.85492,702365,702.365,,,
,1.8753,692957,692.957,,,
,1.89568,683775,683.775,,,
,1.91606,674812,674.812,,,
,1.93644,666058,666.058,,,
,1.95771,657137,657.137,,,
,1.97899,648430,648.43,,,
,2.00027,639930,639.93,,,
,2.02154,631629,631.629,,,
,2.04375,623169,623.169,,,
,2.06597,614912,614.912,,,
,2.08818,606851,606.851,,,
,2.11039,598979,598.979,,,
,2.13358,590957,590.957,,,
,2.15676,583126,583.126,,,
,2.17995,575482,575.482,,,
,2.20314,568017,568.017,,,
,2.22734,560409,560.409,,,
,2.25155,552984,552.984,,,
,2.27576,545735,545.735,,,
,2.29996,538656,538.656,,,
,2.32523,531441,531.441,,,
,2.3505,524399,524.399,,,
,2.37577,517525,517.525,,,
,2.40104,510812,510.812,,,
,2.42743,503970,503.97,,,
,2.45381,497292,497.292,,,
,2.48019,490773,490.773,,,
,2.50657,484407,484.407,,,
,2.53411,477919,477.919,,,
,2.56165,471587,471.587,,,
,2.58919,465405,465.405,,,
,2.61673,459368,459.368,,,
,2.64548,453215,453.215,,,
,2.67423,447210,447.21,,,
,2.70298,441347,441.347,,,
,2.73,435963,435.963,,,
,2.71,435008.56,435.00856,,352,
,2.68004,434054.12,434.05412,,954.4403409,
,2.65008,433099.68,433.09968,,,
,2.62012,432145.24,432.14524,,,
,2.59016,431190.8,431.1908,,,
,2.5602,430236.36,430.23636,,,
,2.53024,429281.92,429.28192,,,
,2.50029,428327.48,428.32748,,,
,2.47033,427373.04,427.37304,,,
,2.44037,426418.6,426.4186,,,
,2.41379,425464.16,425.46416,,,
,2.38721,424509.72,424.50972,,,
,2.36063,423555.28,423.55528,,,
,2.33406,422600.84,422.60084,,,
,2.30748,421646.4,421.6464,,,
,2.2809,420691.96,420.69196,,,
,2.25432,419737.52,419.73752,,,
,2.22775,418783.08,418.78308,,,
,2.20117,417828.64,417.82864,,,
,2.17459,416874.2,416.8742,,,
,2.15084,415919.76,415.91976,,,
,2.12708,414965.32,414.96532,,,
,2.10333,414010.88,414.01088,,,
,2.07957,413056.44,413.05644,,,
,2.05582,412102,412.102,,,
,2.03207,411147.56,411.14756,,,
,2.00831,410193.12,410.19312,,,
,1.98456,409238.68,409.23868,,,
,1.9608,408284.24,408.28424,,,
,1.93705,407329.8,407.3298,,,
,1.91594,406375.36,406.37536,,,
,1.89483,405420.92,405.42092,,,
,1.87371,404466.48,404.46648,,,
,1.8526,403512.04,403.51204,,,
,1.83149,402557.6,402.5576,,,
,1.81038,401603.16,401.60316,,,
,1.78927,400648.72,400.64872,,,
,1.76816,399694.28,399.69428,,,
,1.74705,398739.84,398.73984,,,
,1.72593,397785.4,397.7854,,,
,1.70709,396830.96,396.83096,,,
,1.68825,395876.52,395.87652,,,
,1.6694,394922.08,394.92208,,,
,1.65056,393967.64,393.96764,,,
,1.63172,393013.2,393.0132,,,
,1.61288,392058.76,392.05876,,,
,1.59403,391104.32,391.10432,,,
,1.57519,390149.88,390.14988,,,
,1.55635,389195.44,389.19544,,,
,1.5375,388241,388.241,,,
,1.52074,387286.56,387.28656,,,
,1.50398,386332.12,386.33212,,,
,1.48721,385377.68,385.37768,,,
,1.47045,384423.24,384.42324,,,
,1.45368,383468.8,383.4688,,,
,1.43692,382514.36,382.51436,,,
,1.42016,381559.92,381.55992,,,
,1.40339,380605.48,380.60548,,,
,1.38663,379651.04,379.65104,,,
,1.36987,378696.6,378.6966,,,
,1.35491,377742.16,377.74216,,,
,1.33996,376787.72,376.78772,,,
,1.32501,375833.28,375.83328,,,
,1.31006,374878.84,374.87884,,,
,1.29511,373924.4,373.9244,,,
,1.28016,372969.96,372.96996,,,
,1.26521,372015.52,372.01552,,,
,1.25026,371061.08,371.06108,,,
,1.23531,370106.64,370.10664,,,
,1.22036,369152.2,369.1522,,,
,1.20705,368197.76,368.19776,,,
,1.19374,367243.32,367.24332,,,
,1.18043,366288.88,366.28888,,,
,1.16712,365334.44,365.33444,,,
,1.15381,364380,364.38,,,
,1.1405,363425.56,363.42556,,,
,1.12719,362471.12,362.47112,,,
,1.11388,361516.68,361.51668,,,
,1.10057,360562.24,360.56224,,,
,1.08727,359607.8,359.6078,,,
,1.0754,358653.36,358.65336,,,
,1.06354,357698.92,357.69892,,,
,1.05167,356744.48,356.74448,,,
,1.03981,355790.04,355.79004,,,
,1.02794,354835.6,354.8356,,,
,1.01608,353881.16,353.88116,,,
,1.00421,352926.72,352.92672,,,
,0.99235,351972.28,351.97228,,,
,0.980486,351017.84,351.01784,,,
,0.968622,350063.4,350.0634,,,
,0.958057,349108.96,349.10896,,,
,0.947491,348154.52,348.15452,,,
,0.936926,347200.08,347.20008,,,
,0.926361,346245.64,346.24564,,,
,0.915796,345291.2,345.2912,,,
,0.905231,344336.76,344.33676,,,
,0.894666,343382.32,343.38232,,,
,0.8841,342427.88,342.42788,,,
,0.873535,341473.44,341.47344,,,
,0.86297,340519,340.519,,,
,0.853554,339564.56,339.56456,,,
,0.844138,338610.12,338.61012,,,
,0.834722,337655.68,337.65568,,,
,0.825307,336701.24,336.70124,,,
,0.815891,335746.8,335.7468,,,
,0.8124,334792.36,334.79236,,,
,0.810234,333837.92,333.83792,,,
,0.808068,332883.48,332.88348,,,
,0.805902,331929.04,331.92904,,,
,0.803736,330974.6,330.9746,,,
,0.80157,330020.16,330.02016,,,
,0.799404,329065.72,329.06572,,,
,0.797238,328111.28,328.11128,,,
,0.795072,327156.84,327.15684,,,
,0.792906,326202.4,326.2024,,,
,0.79074,325247.96,325.24796,,,
,0.788574,324293.52,324.29352,,,
,0.786408,323339.08,323.33908,,,
,0.784242,322384.64,322.38464,,,
,0.782076,321430.2,321.4302,,,
,0.77991,320475.76,320.47576,,,
,0.777744,319521.32,319.52132,,,
,0.775578,318566.88,318.56688,,,
,0.773412,317612.44,317.61244,,,
,0.771246,316658,316.658,,,
,0.76908,315703.56,315.70356,,,
,0.766914,314749.12,314.74912,,,
,0.764748,313794.68,313.79468,,,
,0.762582,312840.24,312.84024,,,
,0.760416,311885.8,311.8858,,,
,0.75825,310931.36,310.93136,,,
,0.756084,309976.92,309.97692,,,
,0.753918,309022.48,309.02248,,,
,0.751752,308068.04,308.06804,,,
,0.749586,307113.6,307.1136,,,
,0.74742,306159.16,306.15916,,,
,0.745254,305204.72,305.20472,,,
,0.743088,304250.28,304.25028,,,
,0.740922,303295.84,303.29584,,,
,0.738756,302341.4,302.3414,,,
,0.73659,301386.96,301.38696,,,
,0.734424,300432.52,300.43252,,,
,0.732258,299478.08,299.47808,,,
,0.730092,298523.64,298.52364,,,
,0.727926,297569.2,297.5692,,,
,0.72576,296614.76,296.61476,,,
,0.723594,295660.32,295.66032,,,
,0.721428,294705.88,294.70588,,,
,0.719262,293751.44,293.75144,,,
,0.717096,292797,292.797,,,
,0.71493,291842.56,291.84256,,,
,0.712764,290888.12,290.88812,,,
,0.710598,289933.68,289.93368,,,
,0.708432,288979.24,288.97924,,,
,0.706266,288024.8,288.0248,,,
,0.7041,287070.36,287.07036,,,
,0.701934,286115.92,286.11592,,,
,0.699768,285161.48,285.16148,,,
,0.697602,284207.04,284.20704,,,
,0.695436,283252.6,283.2526,,,
,0.69327,282298.16,282.29816,,,
,0.691104,281343.72,281.34372,,,
,0.688938,280389.28,280.38928,,,
,0.686772,279434.84,279.43484,,,
,0.684606,278480.4,278.4804,,,
,0.68244,277525.96,277.52596,,,
,0.680274,276571.52,276.57152,,,
,0.678108,275617.08,275.61708,,,
,0.675942,274662.64,274.66264,,,
,0.673776,273708.2,273.7082,,,
,0.67161,272753.76,272.75376,,,
,0.669444,271799.32,271.79932,,,
,0.667278,270844.88,270.84488,,,
,0.665112,269890.44,269.89044,,,
,0.662946,268936,268.936,,,
,0.66078,267981.56,267.98156,,,
,0.658614,267027.12,267.02712,,,
,0.656448,266072.68,266.07268,,,
,0.654282,265118.24,265.11824,,,
,0.652116,264163.8,264.1638,,,
,0.64995,263209.36,263.20936,,,
,0.647784,262254.92,262.25492,,,
,0.645618,261300.48,261.30048,,,
,0.643452,260346.04,260.34604,,,
,0.641286,259391.6,259.3916,,,
,0.63912,258437.16,258.43716,,,
,0.636954,257482.72,257.48272,,,
,0.634788,256528.28,256.52828,,,
,0.632622,255573.84,255.57384,,,
,0.630456,254619.4,254.6194,,,
,0.62829,253664.96,253.66496,,,
,0.626124,252710.52,252.71052,,,
,0.623958,251756.08,251.75608,,,
,0.621792,250801.64,250.80164,,,
,0.619626,249847.2,249.8472,,,
,0.61746,248892.76,248.89276,,,
,0.615294,247938.32,247.93832,,,
,0.613128,246983.88,246.98388,,,
,0.610962,246029.44,246.02944,,,
,0.608796,245075,245.075,,,
,0.60663,244120.56,244.12056,,,
,0.604464,243166.12,243.16612,,,
,0.602298,242211.68,242.21168,,,
,0.600132,241257.24,241.25724,,,
,0.597966,240302.8,240.3028,,,
,0.5958,239348.36,239.34836,,,
,0.593634,238393.92,238.39392,,,
,0.591468,237439.48,237.43948,,,
,0.589302,236485.04,236.48504,,,
,0.587136,235530.6,235.5306,,,
,0.58497,234576.16,234.57616,,,
,0.582804,233621.72,233.62172,,,
,0.580638,232667.28,232.66728,,,
,0.578472,231712.84,231.71284,,,
,0.576306,230758.4,230.7584,,,
,0.57414,229803.96,229.80396,,,
,0.571974,228849.52,228.84952,,,
,0.569808,227895.08,227.89508,,,
,0.567642,226940.64,226.94064,,,
,0.565476,225986.2,225.9862,,,
,0.56331,225031.76,225.03176,,,
,0.561144,224077.32,224.07732,,,
,0.558978,223122.88,223.12288,,,
,0.556812,222168.44,222.16844,,,
,0.554646,221214,221.214,,,
,0.55248,220259.56,220.25956,,,
,0.550314,219305.12,219.30512,,,
,0.548148,218350.68,218.35068,,,
,0.545982,217396.24,217.39624,,,
,0.543816,216441.8,216.4418,,,
,0.54165,215487.36,215.48736,,,
,0.539484,214532.92,214.53292,,,
,0.537318,213578.48,213.57848,,,
,0.535152,212624.04,212.62404,,,
,0.532986,211669.6,211.6696,,,
,0.53082,210715.16,210.71516,,,
,0.528654,209760.72,209.76072,,,
,0.526488,208806.28,208.80628,,,
,0.524322,207851.84,207.85184,,,
,0.522156,206897.4,206.8974,,,
,0.51999,205942.96,205.94296,,,
,0.517824,204988.52,204.98852,,,
,0.515658,204034.08,204.03408,,,
,0.513492,203079.64,203.07964,,,
,0.511326,202125.2,202.1252,,,
,0.50916,201170.76,201.17076,,,
,0.506994,200216.32,200.21632,,,
,0.504828,199261.88,199.26188,,,
,0.502662,198307.44,198.30744,,,
,0.500496,197353,197.353,,,
,0.49833,196398.56,196.39856,,,
,0.496164,195444.12,195.44412,,,
,0.493998,194489.68,194.48968,,,
,0.491832,193535.24,193.53524,,,
,0.489666,192580.8,192.5808,,,
,0.4875,191626.36,191.62636,,,
,0.485334,190671.92,190.67192,,,
,0.483168,189717.48,189.71748,,,
,0.481002,188763.04,188.76304,,,
,0.478836,187808.6,187.8086,,,
,0.47667,186854.16,186.85416,,,
,0.474504,185899.72,185.89972,,,
,0.472338,184945.28,184.94528,,,
,0.470172,183990.84,183.99084,,,
,0.468006,183036.4,183.0364,,,
,0.46584,182081.96,182.08196,,,
,0.463674,181127.52,181.12752,,,
,0.461508,180173.08,180.17308,,,
,0.459342,179218.64,179.21864,,,
,0.457176,178264.2,178.2642,,,
,0.45501,177309.76,177.30976,,,
,0.452844,176355.32,176.35532,,,
,0.450678,175400.88,175.40088,,,
,0.448512,174446.44,174.44644,,,
,0.446346,173492,173.492,,,
,0.44418,172537.56,172.53756,,,
,0.442014,171583.12,171.58312,,,
,0.439848,170628.68,170.62868,,,
,0.437682,169674.24,169.67424,,,
,0.435516,168719.8,168.7198,,,
,0.43335,167765.36,167.76536,,,
,0.431184,166810.92,166.81092,,,
,0.429018,165856.48,165.85648,,,
,0.426852,164902.04,164.90204,,,
,0.424686,163947.6,163.9476,,,
,0.42252,162993.16,162.99316,,,
,0.420354,162038.72,162.03872,,,
,0.418188,161084.28,161.08428,,,
,0.416022,160129.84,160.12984,,,
,0.413856,159175.4,159.1754,,,
,0.41169,158220.96,158.22096,,,
,0.409524,157266.52,157.26652,,,
,0.407358,156312.08,156.31208,,,
,0.405192,155357.64,155.35764,,,
,0.403026,154403.2,154.4032,,,
,0.40086,153448.76,153.44876,,,
,0.398694,152494.32,152.49432,,,
,0.396528,151539.88,151.53988,,,
,0.394362,150585.44,150.58544,,,
,0.392196,149631,149.631,,,
,0.39003,148676.56,148.67656,,,
,0.387864,147722.12,147.72212,,,
,0.385698,146767.68,146.76768,,,
,0.383532,145813.24,145.81324,,,
,0.381366,144858.8,144.8588,,,
,0.3792,143904.36,143.90436,,,
,0.377034,142949.92,142.94992,,,
,0.374868,141995.48,141.99548,,,
,0.372702,141041.04,141.04104,,,
,0.370536,140086.6,140.0866,,,
,0.36837,139132.16,139.13216,,,
,0.366204,138177.72,138.17772,,,
,0.364038,137223.28,137.22328,,,
,0.361872,136268.84,136.26884,,,
,0.359706,135314.4,135.3144,,,
,0.35754,134359.96,134.35996,,,
,0.355374,133405.52,133.40552,,,
,0.353208,132451.08,132.45108,,,
,0.351042,131496.64,131.49664,,,
,0.348876,130542.2,130.5422,,,
,0.34671,129587.76,129.58776,,,
,0.344544,128633.32,128.63332,,,
,0.342378,127678.88,127.67888,,,
,0.340212,126724.44,126.72444,,,
,0.338046,125770,125.77,,,
,0.33588,124815.56,124.81556,,,
,0.333714,123861.12,123.86112,,,
,0.331548,122906.68,122.90668,,,
,0.329382,121952.24,121.95224,,,
,0.327216,120997.8,120.9978,,,
,0.32505,120043.36,120.04336,,,
,0.322884,119088.92,119.08892,,,
,0.320718,118134.48,118.13448,,,
,0.318552,117180.04,117.18004,,,
,0.316386,116225.6,116.2256,,,
,0.31422,115271.16,115.27116,,,
,0.312054,114316.72,114.31672,,,
,0.309888,113362.28,113.36228,,,
,0.307722,112407.84,112.40784,,,
,0.305556,111453.4,111.4534,,,
,0.30339,110498.96,110.49896,,,
,0.301224,109544.52,109.54452,,,
,0.299058,108590.08,108.59008,,,
,0.296892,107635.64,107.63564,,,
,0.294726,106681.2,106.6812,,,
,0.29256,105726.76,105.72676,,,
,0.290394,104772.32,104.77232,,,
,0.288228,103817.88,103.81788,,,
,0.286062,102863.44,102.86344,,,
,0.283896,101909,101.909,,,
,0.28173,100954.56,100.95456,,,
,0.279564,100000.12,100.00012,,,
,0.277398,100000,100,,,
,0.275232,100000,100,,,
,0.273066,100000,100,,,
,0.275084,100000,100,,,
,0.277102,100000,100,,,
,0.27912,100000,100,,,
,0.281138,100000,100,,,
,0.283156,100000,100,,,
,0.285174,100000,100,,,
,0.287192,100000,100,,,
,0.28921,100000,100,,,
,0.291228,100000,100,,,
,0.293246,100000,100,,,
,0.295264,100000,100,,,
,0.297282,100000,100,,,
,0.2993,100000,100,,,
,0.301318,100000,100,,,
,0.303336,100000,100,,,
,0.305354,100000,100,,,
,0.307372,100000,100,,,
,0.30939,100000,100,,,
,0.311408,100000,100,,,
,0.313426,100000,100,,,
,0.315444,100000,100,,,
,0.317462,100000,100,,,
,0.31948,100000,100,,,
,0.321498,100000,100,,,
,0.323516,100000,100,,,
,0.325534,100000,100,,,
,0.327552,100000,100,,,
,0.32957,100000,100,,,
,0.331588,100000,100,,,
,0.333606,100000,100,,,
,0.335624,100000,100,,,
,0.337642,100000,100,,,
,0.33966,100000,100,,,
,0.341678,100000,100,,,
,0.343696,100000,100,,,
,0.345714,100000,100,,,
,0.347732,100000,100,,,
,0.34975,100000,100,,,
,0.351768,100000,100,,,
,0.353786,100000,100,,,
,0.355804,100000,100,,,
,0.357822,100000,100,,,
,0.35984,100000,100,,,
,0.361858,100000,100,,,
,0.363876,100000,100,,,
,0.365894,100000,100,,,
,0.367912,100000,100,,,
,0.36993,100000,100,,,
,0.371948,100000,100,,,
,0.373966,100000,100,,,
,0.375984,100000,100,,,
,0.378002,100000,100,,,
,0.38002,100000,100,,,
,0.382038,100000,100,,,
,0.384056,100000,100,,,
,0.386074,100000,100,,,
,0.388092,100000,100,,,
,0.39011,100000,100,,,
,0.392128,100000,100,,,
,0.394146,100000,100,,,
,0.396164,100000,100,,,
,0.398182,100000,100,,,
,0.4002,100000,100,,,
,0.402218,100000,100,,,
,0.404236,100000,100,,,
,0.406254,100000,100,,,
,0.408272,100000,100,,,
,0.41029,100000,100,,,
,0.412308,100000,100,,,
,0.414326,100000,100,,,
,0.416344,100000,100,,,
,0.418362,100000,100,,,
,0.42038,100000,100,,,
,0.422398,100000,100,,,
,0.424416,100000,100,,,
,0.426434,100000,100,,,
,0.428452,100000,100,,,
,0.43047,100000,100,,,
,0.432488,100000,100,,,
,0.434506,100000,100,,,
,0.436524,100000,100,,,
,0.438542,100000,100,,,
,0.44056,100000,100,,,
,0.442578,100000,100,,,
,0.444596,100000,100,,,
,0.446614,100000,100,,,
,0.448632,100000,100,,,
,0.45065,100000,100,,,
,0.452668,100000,100,,,
,0.454686,100000,100,,,
,0.456704,100000,100,,,
,0.458722,100000,100,,,
,0.46074,100000,100,,,
,0.462758,100000,100,,,
,0.464776,100000,100,,,
,0.466794,100000,100,,,
,0.468812,100000,100,,,
,0.47083,100000,100,,,
,0.472848,100000,100,,,
,0.474866,100000,100,,,
,0.476884,100000,100,,,
,0.478902,100000,100,,,
,0.48092,100000,100,,,
,0.482938,100000,100,,,
,0.484956,100000,100,,,
,0.486974,100000,100,,,
,0.488992,100000,100,,,
,0.49101,100000,100,,,
,0.493028,100000,100,,,
,0.495046,100000,100,,,
,0.497064,100000,100,,,
,0.499082,100000,100,,,
,0.5011,100000,100,,,
,0.503118,100000,100,,,
,0.505136,100000,100,,,
,0.507154,100000,100,,,
,0.509172,100000,100,,,
,0.51119,100000,100,,,
,0.513208,100000,100,,,
,0.515226,100000,100,,,
,0.517244,100000,100,,,
,0.519262,100000,100,,,
,0.52128,100000,100,,,
,0.523298,100000,100,,,
,0.525316,100000,100,,,
,0.527334,100000,100,,,
,0.529352,100000,100,,,
,0.53137,100000,100,,,
,0.533388,100000,100,,,
,0.535406,100000,100,,,
,0.537424,100000,100,,,
,0.539442,100000,100,,,
,0.54146,100000,100,,,
,0.543478,100000,100,,,
,0.545496,100000,100,,,
,0.547514,100000,100,,,
,0.549532,100000,100,,,
,0.55155,100000,100,,,
,0.553568,100000,100,,,
,0.555586,100000,100,,,
,0.557604,100000,100,,,
,0.559622,100000,100,,,
,0.56164,100000,100,,,
,0.563658,100000,100,,,
,0.565676,100000,100,,,
,0.567694,100000,100,,,
,0.569712,100000,100,,,
,0.57173,100000,100,,,
,0.573748,100000,100,,,
,0.575766,100000,100,,,
,0.577784,100000,100,,,
,0.579802,100000,100,,,
,0.58182,100000,100,,,
,0.583838,100000,100,,,
,0.585856,100000,100,,,
,0.587874,100000,100,,,
,0.589892,100000,100,,,
,0.59191,100000,100,,,
,0.593928,100000,100,,,
,0.595946,100000,100,,,
,0.597964,100000,100,,,
,0.599982,100000,100,,,
,0.602,100000,100,,,
,0.604018,100000,100,,,
,0.606036,100000,100,,,
,0.608054,100000,100,,,
,0.610072,100000,100,,,
,0.61209,100000,100,,,
,0.614108,100000,100,,,
,0.616126,100000,100,,,
,0.618144,100000,100,,,
,0.620162,100000,100,,,
,0.62218,100000,100,,,
,0.624198,100000,100,,,
,0.626216,100000,100,,,
,0.628234,100000,100,,,
,0.630252,100000,100,,,
,0.63227,100000,100,,,
,0.634288,100000,100,,,
,0.636306,100000,100,,,
,0.638324,100000,100,,,
,0.640342,100000,100,,,
,0.64236,100000,100,,,
,0.644378,100000,100,,,
,0.646396,100000,100,,,
,0.648414,100000,100,,,
,0.650432,100000,100,,,
,0.65245,100000,100,,,
,0.654468,100000,100,,,
,0.656486,100000,100,,,
,0.658504,100000,100,,,
,0.660522,100000,100,,,
,0.66254,100000,100,,,
,0.664558,100000,100,,,
,0.666576,100000,100,,,
,0.668594,100000,100,,,
,0.670612,100000,100,,,
,0.67263,100000,100,,,
,0.674648,100000,100,,,
,0.676666,100000,100,,,
,0.678684,100000,100,,,
,0.680702,100000,100,,,
,0.68272,100000,100,,,
,0.684738,100000,100,,,
,0.686756,100000,100,,,
,0.688774,100000,100,,,
,0.690792,100000,100,,,
,0.69281,100000,100,,,
,0.694828,100000,100,,,
,0.696846,100000,100,,,
,0.698864,100000,100,,,
,0.700882,100000,100,,,
,0.7029,100000,100,,,
,0.704918,100000,100,,,
,0.706936,100000,100,,,
,0.708954,100000,100,,,
,0.710972,100000,100,,,
,0.71299,100000,100,,,
,0.715008,100000,100,,,
,0.717026,100000,100,,,
,0.719044,100000,100,,,
,0.721062,100000,100,,,
,0.72308,100000,100,,,
,0.725098,100000,100,,,
,0.727116,100000,100,,,
,0.729134,100000,100,,,
,0.731152,100000,100,,,
,0.73317,100000,100,,,
,0.735188,100000,100,,,
,0.737206,100000,100,,,
,0.739224,100000,100,,,
,0.741242,100000,100,,,
,0.74326,100000,100,,,
,0.745278,100000,100,,,
,0.747296,100000,100,,,
,0.749314,100000,100,,,
,0.751332,100000,100,,,
,0.75335,100000,100,,,
,0.755368,100000,100,,,
,0.757386,100000,100,,,
,0.759404,100000,100,,,
,0.761422,100000,100,,,
,0.76344,100000,100,,,
,0.765458,100000,100,,,
,0.767476,100000,100,,,
,0.769494,100000,100,,,
,0.771512,100000,100,,,
,0.77353,100000,100,,,
,0.775548,100000,100,,,
,0.777566,100000,100,,,
,0.779584,100000,100,,,
,0.781602,100000,100,,,
,0.78362,100000,100,,,
,0.785638,100000,100,,,
,0.787656,100000,100,,,
,0.789674,100000,100,,,
,0.791692,100000,100,,,
,0.79371,100000,100,,,
,0.795728,100000,100,,,
,0.797746,100000,100,,,
,0.799764,100000,100,,,
,0.801782,100000,100,,,
,0.8038,100000,100,,,
,0.805818,100000,100,,,
,0.807836,100000,100,,,
,0.809854,100000,100,,,
,0.811872,100000,100,,,
,0.81389,100000,100,,,
,0.815908,100000,100,,,
,0.817926,100000,100,,,
,0.819944,100000,100,,,
,0.821962,100000,100,,,
,0.82398,100000,100,,,
,0.825998,100000,100,,,
,0.828016,100000,100,,,
,0.830034,100000,100,,,
,0.832052,100000,100,,,
,0.83407,100000,100,,,
,0.836088,100000,100,,,
,0.838106,100000,100,,,
,0.840124,100000,100,,,
,0.842142,100000,100,,,
,0.84416,100000,100,,,
,0.846178,100000,100,,,
,0.848196,100000,100,,,
,0.850214,100000,100,,,
,0.852232,100000,100,,,
,0.85425,100000,100,,,
,0.856268,100000,100,,,
,0.858286,100000,100,,,
,0.860304,100000,100,,,
,0.862322,100000,100,,,
,0.86434,100000,100,,,
,0.866358,100000,100,,,
,0.868376,100000,100,,,
,0.870394,100000,100,,,
,0.872412,100000,100,,,
,0.87443,100000,100,,,
,0.876448,100000,100,,,
,0.878466,100000,100,,,
,0.880484,100000,100,,,
,0.882502,100000,100,,,
,0.88452,100000,100,,,
,0.886538,100000,100,,,
,0.888556,100000,100,,,
,0.890574,100000,100,,,
,0.892592,100000,100,,,
,0.89461,100000,100,,,
,0.896628,100000,100,,,
,0.898646,100000,100,,,
,0.900664,100000,100,,,
,0.902682,100000,100,,,
,0.9047,100000,100,,,
,0.906718,100000,100,,,
,0.908736,100000,100,,,
,0.910754,100000,100,,,
,0.912772,100000,100,,,
,0.91479,100000,100,,,
,0.916808,100000,100,,,
,0.918826,100000,100,,,
,0.920844,100000,100,,,
,0.922862,100000,100,,,
,0.92488,100000,100,,,
,0.926898,100000,100,,,
,0.928916,100000,100,,,
,0.930934,100000,100,,,
,0.932952,100000,100,,,
,0.93497,100000,100,,,
,0.936988,100000,100,,,
,0.939006,100000,100,,,
,0.941024,100000,100,,,
,0.943042,100000,100,,,
,0.94506,100000,100,,,
,0.947078,100000,100,,,
,0.949096,100000,100,,,
,0.951114,100000,100,,,
,0.953132,100000,100,,,
,0.95515,100000,100,,,
,0.957168,100000,100,,,
,0.959186,100000,100,,,
,0.961204,100000,100,,,
,0.963222,100000,100,,,
,0.96524,100000,100,,,
,0.967258,100000,100,,,
,0.969276,100000,100,,,
,0.971294,100000,100,,,
,0.973312,100000,100,,,
,0.97533,100000,100,,,
,0.977348,100000,100,,,
,0.979366,100000,100,,,
,0.981384,100000,100,,,
,0.983402,100000,100,,,
,0.98542,100000,100,,,
,0.987438,100000,100,,,
,0.989456,100000,100,,,
,0.991474,100000,100,,,
,0.993492,100000,100,,,
,0.99551,100000,100,,,
,0.997528,100000,100,,,
,0.999546,100000,100,,,
,1.001564,100000,100,,,
,1.003582,100000,100,,,
,1.0056,100000,100,,,
,1.007618,100000,100,,,
,1.009636,100000,100,,,
,1.011654,100000,100,,,
,1.013672,100000,100,,,
,1.01569,100000,100,,,
,1.017708,100000,100,,,
,1.019726,100000,100,,,
,1.021744,100000,100,,,
,1.023762,100000,100,,,
,1.02578,100000,100,,,
,1.027798,100000,100,,,
,1.029816,100000,100,,,
,1.031834,100000,100,,,
,1.033852,100000,100,,,
,1.03587,100000,100,,,
,1.037888,100000,100,,,
,1.039906,100000,100,,,
,1.041924,100000,100,,,
,1.043942,100000,100,,,
,1.04596,100000,100,,,
,1.047978,100000,100,,,
,1.049996,100000,100,,,
,1.052014,100000,100,,,
,1.054032,100000,100,,,
,1.05605,100000,100,,,
,1.058068,100000,100,,,
,1.060086,100000,100,,,
,1.062104,100000,100,,,
,1.064122,100000,100,,,
,1.06614,100000,100,,,
,1.068158,100000,100,,,
,1.070176,100000,100,,,
,1.072194,100000,100,,,
,1.074212,100000,100,,,
,1.07623,100000,100,,,
,1.078248,100000,100,,,
,1.080266,100000,100,,,
,1.082284,100000,100,,,
,1.084302,100000,100,,,
,1.08632,100000,100,,,
,1.088338,100000,100,,,
,1.090356,100000,100,,,
,1.092374,100000,100,,,
,1.094392,100000,100,,,
,1.09641,100000,100,,,
,1.098428,100000,100,,,
,1.100446,100000,100,,,
,1.102464,100000,100,,,
,1.104482,100000,100,,,
,1.1065,100000,100,,,
,1.108518,100000,100,,,
,1.110536,100000,100,,,
,1.112554,100000,100,,,
,1.114572,100000,100,,,
,1.11659,100000,100,,,
,1.118608,100000,100,,,
,1.120626,100000,100,,,
,1.122644,100000,100,,,
,1.124662,100000,100,,,
,1.12668,100000,100,,,
,1.128698,100000,100,,,
,1.130716,100000,100,,,
,1.132734,100000,100,,,
,1.134752,100000,100,,,
,1.13677,100000,100,,,
,1.138788,100000,100,,,
,1.140806,100000,100,,,
,1.142824,100000,100,,,
,1.144842,100000,100,,,
,1.14686,100000,100,,,
,1.148878,100000,100,,,
,1.150896,100000,100,,,
,1.152914,100000,100,,,
,1.154932,100000,100,,,
,1.15695,100000,100,,,
,1.158968,100000,100,,,
,1.160986,100000,100,,,
,1.163004,100000,100,,,
,1.165022,100000,100,,,
,1.16704,100000,100,,,
,1.169058,100000,100,,,
,1.171076,100000,100,,,
,1.173094,100000,100,,,
,1.175112,100000,100,,,
,1.17713,100000,100,,,
,1.179148,100000,100,,,
,1.181166,100000,100,,,
,1.183184,100000,100,,,
,1.185202,100000,100,,,
,1.18722,100000,100,,,
,1.189238,100000,100,,,
,1.191256,100000,100,,,
,1.193274,100000,100,,,
,1.195292,100000,100,,,
,1.19731,100000,100,,,
,1.199328,100000,100,,,
,1.201346,100000,100,,,
,1.203364,100000,100,,,
,1.205382,100000,100,,,
,1.2074,100000,100,,,
,1.209418,100000,100,,,
,1.211436,100000,100,,,
,1.213454,100000,100,,,
,1.215472,100000,100,,,
,1.21749,100000,100,,,
,1.219508,100000,100,,,
,1.221526,100000,100,,,
,1.223544,100000,100,,,
,1.225562,100000,100,,,
,1.22758,100000,100,,,
,1.229598,100000,100,,,
,1.231616,100000,100,,,
,1.233634,100000,100,,,
,1.235652,100000,100,,,
,1.23767,100000,100,,,
,1.239688,100000,100,,,
,1.241706,100000,100,,,
,1.243724,100000,100,,,
,1.245742,100000,100,,,
,1.24776,100000,100,,,
,1.2478,100000,100,,,
,1.25953,100000,100,,,
,1.27337,100000,100,,,
,1.28721,100000,100,,,
,1.30105,100000,100,,,
,1.31489,100000,100,,,
,1.32934,100000,100,,,
,1.34379,100000,100,,,
,1.35823,100000,100,,,
,1.37268,100000,100,,,
,1.38776,100000,100,,,
,1.40284,100000,100,,,
,1.41793,100000,100,,,
,1.43301,100000,100,,,
,1.44875,100000,100,,,
,1.4645,100000,100,,,
,1.48024,100000,100,,,
,1.49599,100000,100,,,
,1.51242,100000,100,,,
,1.52886,100000,100,,,
,1.5453,100000,100,,,
,1.56173,100000,100,,,
,1.57889,100000,100,,,
,1.59605,100000,100,,,
,1.61321,100000,100,,,
,1.63037,100000,100,,,
,1.64828,100000,100,,,
,1.6662,100000,100,,,
,1.68411,100000,100,,,
,1.70202,100000,100,,,
,1.72072,100000,100,,,
,1.73943,100000,100,,,
,1.75813,100000,100,,,
,1.77683,100000,100,,,
,1.79635,100000,100,,,
,1.81587,100000,100,,,
,1.83539,100000,100,,,
,1.85492,100000,100,,,
,1.8753,100000,100,,,
,1.89568,100000,100,,,
,1.91606,100000,100,,,
,1.93644,100000,100,,,
,1.95771,100000,100,,,
,1.97899,100000,100,,,
,2.00027,100000,100,,,
,2.02154,100000,100,,,
,2.04375,100000,100,,,
,2.06597,100000,100,,,
,2.08818,100000,100,,,
,2.11039,100000,100,,,
,2.13358,100000,100,,,
,2.15676,100000,100,,,
,2.17995,100000,100,,,
,2.20314,100000,100,,,
,2.22734,100000,100,,,
,2.25155,100000,100,,,
,2.27576,100000,100,,,
,2.29996,100000,100,,,
,2.32523,100000,100,,,
,2.3505,100000,100,,,
,2.37577,100000,100,,,
,2.40104,100000,100,,,
,2.42743,100000,100,,,
,2.45381,100000,100,,,
,2.48019,100000,100,,,
,2.50657,100000,100,,,
,2.53411,100000,100,,,
,2.56165,100000,100,,,
,2.58919,100000,100,,,
,2.61673,100000,100,,,
,2.64548,100000,100,,,
,2.67423,100000,100,,,
,2.70298,100000,100,,,
,2.73,100000,100,,,
